,Unique Building Identifier,Unique Parcel/Land Identifier,Building Street Number,Building Street Name,Building City,Building State,Building Zip Code,Building Country,Building Type,Land-Use,Zoning Designation,Permit Number,Permit Application Date,Permit Issued Date,Permit Expiration Date,Certificate of Occupancy Issued Date,Permit Type,Work Type,Permit Current Status,Permit Current Status Date,Number of Floors Above Grade,Latitude,Longitude
0,1088749,,MADISON,AVE,,,10010,,2.0,,,,5/10/22,5/10/22,5/10/23,,,,ISSUED,,,40.740909,-73.987947
1,5076937,,BOYLAN,STREET,,,10312,,1.0,,,,5/12/22,5/10/22,10/1/22,,,,ISSUED,,,40.563654,-74.179584
2,5001506,,LAFAYETTE,AVENUE,,,10301,,1.0,,,,5/15/22,5/10/22,10/1/22,,,,ISSUED,,,40.639633,-74.094169
3,5067021,,OAKDALE,STREET,,,10308,,1.0,,,,5/15/22,5/10/22,10/1/22,,,,ISSUED,,,40.544597,-74.157153
4,5058036,,10,STREET,,,10306,,1.0,,,,5/24/22,5/10/22,11/15/22,,,,ISSUED,,,40.566798,-74.119726
5,3006577,,DOUGLASS,STREET,,,11231,,2.0,,,,6/19/17,5/10/22,5/10/23,,,,ISSUED,,,40.683034,-73.991282
6,3171950,,EAST,10TH ST,,,11230,,1.0,,,,2/17/21,5/10/22,4/10/23,,,,ISSUED,,,40.618282,-73.964974
7,5067915,,THORNYCROFT,AVE,,,10312,,1.0,,,,5/10/22,5/10/22,8/12/22,,,,ISSUED,,,40.537587,-74.154776
8,3039744,,RALPH,AVENUE,,,11221,,2.0,,,,5/6/21,5/10/22,5/10/23,,,,ISSUED,,,40.686912,-73.923501
9,2075402,,COUNTRY,CLUB ROAD,,,10465,,1.0,,,,12/15/17,5/10/22,11/16/22,,,,ISSUED,,,40.839666,-73.815547
10,3185434,,BAY,34 ST,BROOKLYN,,11214,,1.0,,,,6/17/20,6/17/20,2/26/21,,,,ISSUED,,,40.599043,-73.992006
11,4623172,,BEACH,215 STREET,ROCKAWAY POINT,,11697,,1.0,,,,6/6/19,6/17/20,6/17/21,,,,ISSUED,,,40.55486,-73.923824
12,3048075,,HERKIMER,STREET,,,11213,,2.0,,,,5/28/21,5/10/22,4/1/23,,,,ISSUED,,,40.678919,-73.936482
13,2130442,,EAST,241 STREET,,,10470,,2.0,,,,5/10/22,5/10/22,7/30/22,,,,ISSUED,,,40.903135,-73.849777
14,2130442,,EAST,241 STREET,,,10470,,2.0,,,,5/10/22,5/10/22,7/30/22,,,,ISSUED,,,40.903135,-73.849777
15,4020651,,4TH,STREET,,,11102,,2.0,,,,10/2/19,5/10/22,5/10/23,,,,ISSUED,,,40.775941,-73.932721
16,1083699,,PETER,COOPER ROAD,,,10010,,2.0,,,,6/20/19,5/10/22,5/10/23,,,,ISSUED,,,40.734191,-73.975168
17,2130349,,WHITE,PLAINS ROAD,,,10470,,2.0,,,,5/28/21,5/10/22,7/17/22,,,,ISSUED,,,40.898971,-73.853874
18,4107048,,22,AVE,,,11357,,1.0,,,,5/10/22,5/10/22,5/10/23,,,,ISSUED,,,40.778667,-73.811838
19,2063696,,EAST,232 STREET,,,10466,,1.0,,,,11/7/19,5/10/22,5/7/23,,,,ISSUED,,,40.89218,-73.855903
20,4482328,,22,AVE,,,11357,,1.0,,,,5/10/22,5/10/22,5/10/23,,,,ISSUED,,,40.778667,-73.811838
21,3424857,,WILLOUGHBY,AVENUE,,,11205,,2.0,,,,6/2/21,5/10/22,8/27/22,,,,ISSUED,,,40.692368,-73.96135
22,4436574,,5TH,STREET,,,11101,,2.0,,,,5/10/22,5/10/22,5/10/23,,,,ISSUED,,,40.743759,-73.956254
23,4436574,,5TH,STREET,,,11101,,2.0,,,,5/10/22,5/10/22,5/1/23,,,,ISSUED,,,40.743759,-73.956254
24,3149134,,RIDGE,BLVD,,,11209,,1.0,,,,8/26/11,8/6/22,8/6/23,,,,ISSUED,,,40.631159,-74.030868
25,4436571,,5TH,STREET,,,11101,,2.0,,,,5/10/22,5/10/22,5/10/23,,,,ISSUED,,,40.743682,-73.956283
26,4436571,,5TH,STREET,,,11101,,2.0,,,,5/10/22,5/10/22,5/1/23,,,,ISSUED,,,40.743682,-73.956283
27,4444040,,192ND,STREET,,,11365,,2.0,,,,5/13/21,5/10/22,4/25/23,,,,ISSUED,,,40.737659,-73.781459
28,4261273,,ROCKAWAY,BLVD.,,,11436,,2.0,,,,11/21/13,5/10/22,2/12/23,,,,ISSUED,,,40.674074,-73.798092
29,4210644,,164TH,ST,,,11432,,1.0,,,,11/1/18,5/10/22,2/8/23,,,,ISSUED,,,40.712055,-73.800956
30,4113529,,NORTHERN,BLVD,,,11354,,2.0,,,,11/14/17,5/10/22,5/10/23,,,,ISSUED,,,40.765166,-73.819089
31,3104487,,BEVERLEY,ROAD,,,11203,,1.0,,,,8/6/18,5/10/22,8/20/22,,,,ISSUED,,,40.646524,-73.926606
32,4261273,,ROCKAWAY,BLVD.,,,11436,,2.0,,,,12/23/11,5/10/22,5/10/23,,,,ISSUED,,,40.674074,-73.798092
33,1024850,,BROADWAY,,,,10019,,2.0,,,,5/20/22,5/20/22,5/20/23,,,,ISSUED,,,40.764225,-73.982391
34,4137235,,208,STREET,,,11361,,1.0,,,,1/7/22,6/2/22,4/15/23,,,,ISSUED,,,40.764214,-73.77835
35,2083199,,WEST,231ST STREET,,,10463,,2.0,,,,11/13/12,6/14/22,3/1/23,,,,ISSUED,,,40.880456,-73.907757
36,3428918,,NEW,YORK AVENUE,,,11203,,2.0,,,,4/18/22,5/10/22,4/1/23,,,,ISSUED,,,40.64158,-73.945684
37,2086811,,VYSE,AVE,,,10460,,2.0,,,,5/14/21,5/10/22,10/18/22,,,,ISSUED,,,40.842322,-73.8819
38,1076192,,WEST,47 STREET,,,10036,,2.0,,,,9/28/18,5/10/22,5/1/23,,,,ISSUED,,,40.759727,-73.985886
39,2086811,,VYSE,AVE,,,10460,,2.0,,,,5/14/21,5/10/22,10/18/22,,,,ISSUED,,,40.842322,-73.8819
40,2086811,,VYSE,AVE,,,10460,,2.0,,,,5/14/21,5/10/22,10/18/22,,,,ISSUED,,,40.842322,-73.8819
41,1057619,,W,120 ST,,,10027,,1.0,,,,5/4/16,5/10/22,5/10/23,,,,ISSUED,,,40.805065,-73.948924
42,1046256,,EAST,70TH STREET,,,10021,,2.0,,,,6/15/17,5/10/22,5/10/23,,,,ISSUED,,,40.765211,-73.953886
43,1091618,,EAST,120 STREET,,,10035,,2.0,,,,5/10/22,5/10/22,7/5/22,,,,ISSUED,,,40.802161,-73.942071
44,1091618,,EAST,120 STREET,,,10035,,2.0,,,,5/10/22,5/10/22,7/5/22,,,,ISSUED,,,40.802161,-73.942071
45,1091603,,EAST,118TH STREET,,,10035,,2.0,,,,5/10/22,5/10/22,4/1/23,,,,ISSUED,,,40.800923,-73.943
46,3153179,,86TH,STREET,,,11209,,2.0,,,,6/25/21,5/10/22,4/1/23,,,,ISSUED,,,40.622086,-74.027168
47,1091603,,EAST,118TH STREET,,,10035,,2.0,,,,5/10/22,5/10/22,4/1/23,,,,ISSUED,,,40.800923,-73.943
48,4117458,,SMART,ST,,,11355,,2.0,,,,3/23/21,5/10/22,9/24/22,,,,ISSUED,,,40.753896,-73.817312
49,3016953,,17,STREET,,,11215,,1.0,,,,12/10/18,8/7/22,8/2/23,,,,ISSUED,,,40.657756,-73.981435
50,1042526,,EAST,70TH STREET,,,10021,,2.0,,,,3/23/20,5/10/22,5/10/23,,,,ISSUED,,,40.768837,-73.962537
51,1087604,,10TH,AVENUE,,,10034,,2.0,,,,5/10/22,5/10/22,5/10/23,,,,ISSUED,,,40.867431,-73.916752
52,1087604,,10TH,AVENUE,,,10034,,2.0,,,,5/10/22,5/10/22,4/3/23,,,,ISSUED,,,40.867431,-73.916752
53,5022754,,BENEDICT,RD,,,10304,,1.0,,,,12/20/21,5/10/22,10/7/22,,,,ISSUED,,,40.596569,-74.107767
54,4058991,,GRAND,AVE,,,11378,,2.0,,,,10/26/20,5/10/22,4/29/23,,,,ISSUED,,,40.717811,-73.91791
55,1028231,,W,67TH ST,,,10023,,2.0,,,,11/9/20,5/10/22,5/10/23,,,,ISSUED,,,40.773205,-73.978713
56,5141714,,WEST,SERVICE ROAD,,,10314,,2.0,,,,6/10/21,5/10/22,5/8/23,,,,ISSUED,,,40.583744,-74.193041
57,3246745,,ORIENTAL,BOULEVARD,,,11235,,1.0,,,,8/13/21,5/10/22,5/12/23,,,,ISSUED,,,40.578389,-73.938726
58,3016952,,17,STREET,,,11215,,1.0,,,,12/10/18,8/7/22,8/2/23,,,,ISSUED,,,40.657783,-73.981482
59,4595392,,38,DRIVE,,,11363,,1.0,,,,6/1/18,5/10/22,5/10/23,,,,ISSUED,,,40.770256,-73.753134
60,4595392,,38,DRIVE,,,11363,,1.0,,,,6/6/18,5/10/22,8/9/22,,,,ISSUED,,,40.770256,-73.753134
61,4595392,,38,DRIVE,,,11363,,1.0,,,,6/6/18,5/10/22,8/9/22,,,,ISSUED,,,40.770256,-73.753134
62,4595392,,38,DRIVE,,,11363,,1.0,,,,6/6/18,5/10/22,8/9/22,,,,ISSUED,,,40.770256,-73.753134
63,1024743,,WEST,47 STREET,,,10036,,2.0,,,,4/20/16,5/10/22,5/1/23,,,,ISSUED,,,40.759713,-73.985854
64,3141105,,60TH,STREET,,,11219,,1.0,,,,8/12/20,8/7/22,8/7/23,,,,ISSUED,,,40.627318,-73.996008
65,4021779,,DITMARS,BLVD,,,11370,,1.0,,,,4/10/17,5/10/22,11/2/22,,,,ISSUED,,,40.768231,-73.899526
66,4226244,,JAMAICA,AVENUE,,,11428,,2.0,,,,10/8/20,5/10/22,6/4/22,,,,ISSUED,,,40.716952,-73.741423
67,4052230,,YELLOWSTONE,BLVD,,,11375,,2.0,,,,10/27/20,5/10/23,5/9/24,,,,ISSUED,,,40.725455,-73.847804
68,4618849,,24TH,STREET,,,11101,,2.0,,,,11/18/16,5/10/22,6/1/22,,,,ISSUED,,,40.749018,-73.9432
69,1076192,,WEST,47TH STREET,,,10036,,2.0,,,,12/17/15,5/10/22,5/1/23,,,,ISSUED,,,40.759727,-73.985886
70,1057170,,WEST,100TH ST,,,10025,,1.0,,,,4/26/19,5/13/22,3/27/23,,,,ISSUED,,,40.798077,-73.971937
71,1813028,,EAST,6 STREET,,,10009,,2.0,,,,7/27/20,5/23/22,5/1/23,,,,ISSUED,,,40.723537,-73.979331
72,4618849,,24TH,STREET,,,11101,,2.0,,,,8/11/16,5/10/22,5/10/23,,,,ISSUED,,,40.749018,-73.9432
73,1076192,,WEST,47 STREET,,,10036,,2.0,,,,5/20/16,5/10/22,5/1/23,,,,ISSUED,,,40.759727,-73.985886
74,1007496,,MOTT,STREET,,,10012,,2.0,,,,2/4/19,5/10/22,5/10/23,,,,ISSUED,,,40.722537,-73.995119
75,1076192,,WEST,46TH STREET,,,10036,,2.0,,,,5/5/16,5/10/22,5/1/23,,,,ISSUED,,,40.759008,-73.986052
76,3244226,,EAST,63RD STREET,,,11234,,1.0,,,,5/6/21,5/10/22,5/10/23,,,,ISSUED,,,40.61377,-73.910697
77,1030866,,WEST,77TH STREET,,,10024,,2.0,,,,6/11/10,5/10/22,5/1/23,,,,ISSUED,,,40.782656,-73.98127
78,5088624,,ARTHUR,KILL ROAD,,,10307,,1.0,,,,2/14/17,5/10/22,5/10/23,,,,ISSUED,,,40.51069,-74.252683
79,2124434,,BOWNE,STREET,,,10464,,2.0,,,,5/4/16,5/10/22,4/1/23,,,,ISSUED,,,,
80,1030866,,WEST,77TH STREET,,,10024,,2.0,,,,6/11/10,5/10/22,5/1/23,,,,ISSUED,,,40.782656,-73.98127
81,1057145,,WEST,101 STREET,,,10025,,2.0,,,,7/11/16,5/10/22,9/18/22,,,,ISSUED,,,40.798702,-73.97151
82,5166270,,ARTHUR,KILL ROAD,,,10307,,1.0,,,,2/8/17,5/10/22,5/10/23,,,,ISSUED,,,40.510885,-74.252594
83,1034124,,WEST,END AVENUE,,,10025,,2.0,,,,7/28/21,8/7/22,8/25/23,,,,ISSUED,,,40.793189,-73.97473
84,2067932,,AMUNDSON,AVE,BRONX,,10466,,1.0,,,,6/17/20,6/17/20,10/1/20,,,,ISSUED,,,40.892515,-73.836849
85,1030866,,WEST,77TH STREET,,,10024,,2.0,,,,10/12/17,5/10/22,5/1/23,,,,ISSUED,,,40.782656,-73.98127
86,1030839,,WEST,75 STREET,NEW YORK,,10023,,2.0,,,,6/17/20,6/17/20,1/22/21,,,,ISSUED,,,40.780817,-73.980794
87,3323542,,CARLTON,AVE,,,11205,,2.0,,,,12/31/18,5/10/22,4/3/23,,,,ISSUED,,,40.693595,-73.972994
88,3429095,,BEDFORD,AVE,,,11211,,2.0,,,,11/13/17,5/10/22,5/10/23,,,,ISSUED,,,40.711626,-73.963107
89,4624348,,GRANGER,STREET,,,11368,,2.0,,,,6/8/22,6/8/22,1/21/23,,,,ISSUED,,,40.738442,-73.854876
90,3398702,,UNION,STREET,,,11231,,2.0,,,,8/5/19,5/10/22,4/1/23,,,,ISSUED,,,40.682554,-73.99642
91,1030866,,WEST,77TH STREET,,,10024,,2.0,,,,10/12/17,5/10/22,5/1/23,,,,ISSUED,,,40.782656,-73.98127
92,3323542,,CARLTON,AVE,,,11205,,2.0,,,,12/31/18,5/10/22,5/10/23,,,,ISSUED,,,40.693595,-73.972994
93,1030866,,WEST,77TH STREET,,,10024,,2.0,,,,6/21/19,5/10/22,5/1/23,,,,ISSUED,,,40.782656,-73.98127
94,1083718,,7TH,AVENUE,,,10036,,2.0,,,,5/16/16,5/10/22,5/10/23,,,,ISSUED,,,40.759293,-73.984543
95,4623425,,166,ST,,,11358,,1.0,,,,3/31/21,5/10/22,4/29/23,,,,ISSUED,,,40.758084,-73.800534
96,3028202,,BERGEN,STREET,,,11238,,2.0,,,,5/17/21,5/10/22,3/3/23,,,,ISSUED,,,40.679178,-73.967094
97,2016370,,WEBSTER,AVENUE,,,10458,,2.0,,,,11/14/07,5/10/22,4/1/23,,,,ISSUED,,,40.863677,-73.888796
98,1030866,,WEST,77TH STREET,,,10024,,2.0,,,,6/21/19,5/10/22,5/1/23,,,,ISSUED,,,40.782656,-73.98127
99,3426503,,FRONT,STREET,,,11201,,2.0,,,,6/3/20,5/10/22,5/10/23,,,,ISSUED,,,40.70253,-73.990536
100,3426503,,FRONT,STREET,,,11201,,2.0,,,,6/2/20,5/10/22,5/10/23,,,,ISSUED,,,40.70253,-73.990536
101,4012299,,43,STREET,,,11101,,2.0,,,,9/10/13,8/8/22,8/8/23,,,,ISSUED,,,40.754586,-73.919243
102,4173167,,MARATHON,PKWY,,,11362,,1.0,,,,6/7/21,5/10/22,4/29/23,,,,ISSUED,,,40.753154,-73.726705
103,2075402,,COUNTRY,CLUB ROAD,,,10465,,1.0,,,,11/29/17,5/10/22,5/10/23,,,,ISSUED,,,40.839666,-73.815547
104,2124434,,BOWNE,STREET,,,10464,,2.0,,,,4/14/16,5/10/22,4/1/23,,,,ISSUED,,,,
105,1082118,,3,AVENUE,,,10003,,2.0,,,,6/13/20,5/10/22,9/12/22,,,,ISSUED,,,40.733487,-73.987025
106,1030866,,WEST,77 STREET,,,10024,,2.0,,,,6/6/02,5/10/22,5/1/23,,,,ISSUED,,,40.782656,-73.98127
107,2124434,,BOWNE,STREET,,,10464,,2.0,,,,3/31/16,5/10/22,5/10/23,,,,ISSUED,,,,
108,1025180,,WEST,51 STREET,,,10019,,2.0,,,,8/10/12,5/10/22,5/1/23,,,,ISSUED,,,40.763249,-73.986467
109,3063703,,CLAY,STREET,,,11222,,2.0,,,,6/23/97,5/10/22,5/10/23,,,,ISSUED,,,40.736423,-73.957053
110,3064943,,FRANKLIN,STREET,,,11222,,1.0,,,,11/23/18,5/10/22,4/29/23,,,,ISSUED,,,40.727922,-73.95726
111,1090180,,WEST,57TH STREET,,,10019,,2.0,,,,6/26/14,5/10/22,5/10/23,,,,ISSUED,,,40.76593,-73.980979
112,1090526,,PARK,AVENUE,,,10022,,2.0,,,,5/22/19,5/10/22,5/10/23,,,,ISSUED,,,40.763943,-73.970041
113,1025180,,WEST,51 STREET,,,10019,,2.0,,,,8/10/12,5/10/22,5/1/23,,,,ISSUED,,,40.763249,-73.986467
114,1015275,,BROADWAY,,,,10018,,2.0,,,,5/2/19,5/10/22,5/10/23,,,,ISSUED,,,40.753716,-73.987068
115,3058246,,WILLOUGHBY,STREET,,,11201,,2.0,,,,5/12/21,5/10/22,5/10/23,,,,ISSUED,,,40.692085,-73.983135
116,3058246,,WILLOUGHBY,STREET,,,11201,,2.0,,,,5/12/21,5/10/22,5/10/23,,,,ISSUED,,,40.692085,-73.983135
117,3325917,,ADAMS,STREET,,,11201,,2.0,,,,3/18/22,5/10/22,5/4/23,,,,ISSUED,,,40.696502,-73.98873
118,3043763,,VAN,BUREN STREET,,,11221,,1.0,,,,5/10/22,5/10/22,6/12/22,,,,ISSUED,,,40.690943,-73.935489
119,3429095,,BEDFORD,AVE,,,11211,,2.0,,,,2/5/21,5/10/22,5/10/23,,,,ISSUED,,,40.711626,-73.963107
120,2017549,,CRESTON,AVENUE,,,10468,,1.0,,,,5/10/22,5/10/22,9/1/22,,,,ISSUED,,,40.869385,-73.893248
121,4215630,,GUY,R BREWER BOULEVARD,,,11433,,2.0,,,,4/28/22,8/8/22,6/12/23,,,,ISSUED,,,40.702532,-73.795578
122,4602514,,LINDEN,STREET,,,11385,,2.0,,,,8/11/16,5/10/22,5/31/22,,,,ISSUED,,,40.704015,-73.908852
123,3059294,,FULTON,STREET,,,11217,,1.0,,,,5/10/22,5/10/22,6/12/22,,,,ISSUED,,,40.686528,-73.974944
124,1025180,,WEST,51 STREET,,,10019,,2.0,,,,1/20/12,5/10/22,5/1/23,,,,ISSUED,,,40.763249,-73.986467
125,1025180,,W,51,,,10019,,2.0,,,,5/5/15,5/10/22,5/1/23,,,,ISSUED,,,40.763249,-73.986467
126,3123064,,39TH,STREET,,,11218,,2.0,,,,5/10/22,5/10/22,5/10/23,,,,ISSUED,,,40.641521,-73.987792
127,5013250,,VICTORY,BLVD,,,10301,,2.0,,,,8/12/20,5/10/22,5/2/23,,,,ISSUED,,,40.637991,-74.077614
128,1025180,,W,51,,,10019,,2.0,,,,5/5/15,5/10/22,5/1/23,,,,ISSUED,,,40.763249,-73.986467
129,5013250,,VICTORY,BLVD,,,10301,,2.0,,,,8/13/20,5/10/22,5/2/23,,,,ISSUED,,,40.637991,-74.077614
130,4014555,,46TH,STREET,,,11105,,2.0,,,,8/8/22,8/8/22,8/8/23,,,,ISSUED,,,40.769275,-73.903738
131,3097160,,ESSEX,STREET,,,11208,,1.0,,,,5/10/22,5/10/22,12/18/22,,,,ISSUED,,,40.666752,-73.879482
132,5013250,,VICTORY,BLVD,,,10301,,2.0,,,,5/27/21,5/10/22,5/2/23,,,,ISSUED,,,40.637991,-74.077614
133,1011751,,WEST,10TH STREET,,,10014,,1.0,,,,8/13/18,5/10/22,5/2/23,,,,ISSUED,,,40.733537,-74.007736
134,1051377,,EAST,END AVENUE,,,10028,,2.0,,,,11/13/19,5/10/22,1/1/23,,,,ISSUED,,,40.771318,-73.947394
135,1016895,,EAST,28TH STREET,,,10016,,2.0,,,,7/3/13,5/10/22,5/1/23,,,,ISSUED,,,40.744524,-73.98695
136,1011751,,WEST,10TH STREET,,,10014,,1.0,,,,8/10/18,5/10/22,5/10/23,,,,ISSUED,,,40.733537,-74.007736
137,2833872,,MANOR,AVENUE,,,10472,,1.0,,,,5/10/22,,,,,,IN PROCESS,,,40.829751,-73.876571
138,5047348,,BEVERLY,ROAD,,,10305,,1.0,,,,1/17/20,5/10/22,4/2/23,,,,ISSUED,,,40.600625,-74.078795
139,1016895,,EAST,28TH STREET,,,10016,,2.0,,,,7/3/13,5/10/22,5/1/23,,,,ISSUED,,,40.744524,-73.98695
140,1059409,,WEST,135TH STREET,,,10031,,2.0,,,,4/13/18,5/10/22,5/10/23,,,,ISSUED,,,40.818188,-73.950356
141,1076286,,EAST,67 STREET,,,10065,,2.0,,,,6/12/07,5/10/22,5/10/23,,,,ISSUED,,,40.768391,-73.967296
142,4456705,,45TH,STREET,,,11105,,2.0,,,,8/8/22,8/8/22,8/8/23,,,,ISSUED,,,40.769786,-73.904419
143,1016895,,EAST,28TH STREET,,,10016,,2.0,,,,5/31/18,5/10/22,5/1/23,,,,ISSUED,,,40.744524,-73.98695
144,2014683,,GRAND,AVENUE,,,10468,,1.0,,,,7/19/22,7/19/22,9/1/22,,,,ISSUED,,,40.867135,-73.900002
145,1017030,,EAST,33 STREET,,,10016,,2.0,,,,7/15/20,5/10/22,11/20/22,,,,ISSUED,,,40.747428,-73.98425
146,3337039,,FOUNTAIN,AVENUE,,,11208,,2.0,,,,5/10/22,5/10/22,5/10/23,,,,ISSUED,,,40.668601,-73.873235
147,3093864,,FORBELL,STREET,,,11208,,1.0,,,,5/10/22,5/10/22,12/18/22,,,,ISSUED,,,40.681936,-73.864957
148,1016895,,EAST,28TH STREET,,,10016,,2.0,,,,2/14/17,5/10/22,5/1/23,,,,ISSUED,,,40.744524,-73.98695
149,3337046,,LINDEN,BLVD,,,11208,,2.0,,,,5/10/22,5/10/22,5/10/23,,,,ISSUED,,,40.667404,-73.870801
150,3326821,,AVENUE,U,,,11234,,2.0,,,,6/30/18,5/10/22,5/10/23,,,,ISSUED,,,40.615998,-73.912989
151,1056607,,WEST,END AVENUE,,,10025,,2.0,,,,1/22/19,5/10/22,1/1/23,,,,ISSUED,,,40.800969,-73.968815
152,1016895,,EAST,28TH STREET,,,10016,,2.0,,,,10/8/10,5/10/22,5/1/23,,,,ISSUED,,,40.744524,-73.98695
153,1016895,,EAST,28TH STREET,,,10016,,2.0,,,,10/14/10,5/10/22,5/1/23,,,,ISSUED,,,40.744524,-73.98695
154,3047668,,BAINBRIDGE,STREET,,,11233,,1.0,,,,5/10/22,5/10/22,12/18/22,,,,ISSUED,,,40.681886,-73.923056
155,3032216,,ROGERS,AVENUE,,,11216,,1.0,,,,5/10/22,5/10/22,12/18/22,,,,ISSUED,,,40.671238,-73.953144
156,1016895,,EAST,28TH STREET,,,10016,,2.0,,,,4/19/13,5/10/22,5/1/23,,,,ISSUED,,,40.744524,-73.98695
157,4052235,,108TH,STREET,,,11375,,2.0,,,,10/26/20,5/10/22,5/14/23,,,,ISSUED,,,40.724684,-73.84537
158,3029686,,CLASSON,AVENUE,,,11225,,2.0,,,,7/18/17,5/10/22,5/10/23,,,,ISSUED,,,40.670349,-73.961695
159,3033768,,PRESIDENT,STREET,,,11213,,1.0,,,,7/24/17,5/10/22,4/1/23,,,,ISSUED,,,40.667524,-73.940728
160,1089340,,MAIN,STREET,,,10044,,2.0,,,,3/12/21,5/10/22,12/16/22,,,,ISSUED,,,40.761962,-73.949697
161,3023680,,15TH,STREET,,,11215,,1.0,,,,7/11/19,5/10/22,4/29/23,,,,ISSUED,,,40.666156,-73.990509
162,2129192,,CONCOURSE,VILLAGE WEST,,,10451,,2.0,,,,6/18/20,5/10/22,5/10/23,,,,ISSUED,,,40.825934,-73.921523
163,1034220,,WEST,44TH STREET,,,10036,,2.0,,,,9/27/21,5/10/22,5/1/23,,,,ISSUED,,,40.755458,-73.981523
164,3049709,,BEDFORD,AVENUE,,,11205,,2.0,,,,5/8/20,5/10/22,5/6/23,,,,ISSUED,,,40.68967,-73.955154
165,3037109,,ST.,JOHN PLACE,,,11213,,2.0,,,,3/23/21,5/10/22,5/10/23,,,,ISSUED,,,40.670532,-73.930159
166,4298711,,OAK,DRIVE,,,11691,,1.0,,,,9/1/20,5/10/22,5/10/23,,,,ISSUED,,,40.60116,-73.74135
167,3023680,,15TH,STREET,,,11215,,1.0,,,,7/11/19,5/10/22,4/29/23,,,,ISSUED,,,40.666156,-73.990509
168,3023680,,15TH,STREET,,,11215,,1.0,,,,8/10/20,5/10/22,4/29/23,,,,ISSUED,,,40.666156,-73.990509
169,3008118,,NELSON,STREET,,,11231,,1.0,,,,1/12/12,5/10/22,5/10/23,,,,ISSUED,,,40.676304,-73.998107
170,1054505,,EAST,129 STREET,,,10035,,2.0,,,,12/27/19,5/10/22,5/1/23,,,,ISSUED,,,40.807387,-73.936695
171,1054505,,EAST,129 STREET,,,10035,,2.0,,,,12/27/19,5/10/22,5/1/23,,,,ISSUED,,,40.807387,-73.936695
172,3053556,,THROOP,AVENUE,,,11216,,2.0,,,,10/7/21,5/10/22,12/27/22,,,,ISSUED,,,40.680749,-73.940485
173,3034668,,MONTGOMERY,STREET,,,11213,,1.0,,,,3/2/16,5/10/22,4/1/23,,,,ISSUED,,,40.664909,-73.942057
174,1030866,,WEST,77 STREET,,,10024,,2.0,,,,12/12/07,5/10/22,5/10/23,,,,ISSUED,,,40.782656,-73.98127
175,1050587,,EAST,87 STREET,,,10128,,1.0,,,,7/2/19,5/10/22,2/17/23,,,,ISSUED,,,40.777148,-73.947895
176,1041221,,EAST,67TH STREET,,,10065,,1.0,,,,3/25/21,8/8/22,8/1/23,,,,ISSUED,,,40.768372,-73.967205
177,4617267,,31ST,STREET,,,11102,,2.0,,,,7/22/21,8/8/22,8/8/23,,,,ISSUED,,,40.765507,-73.922504
178,1003985,,ALLEN,STREET,,,10002,,2.0,,,,6/30/15,5/10/22,5/10/23,,,,ISSUED,,,40.71705,-73.991487
179,1030866,,WEST,77 STREET,,,10024,,2.0,,,,12/12/07,5/10/22,5/1/23,,,,ISSUED,,,40.782656,-73.98127
180,1003985,,ALLEN,STREET,,,10002,,2.0,,,,7/2/15,5/10/22,2/17/23,,,,ISSUED,,,40.71705,-73.991487
181,2091925,,HUDSON,MANOR TERRACE,,,10463,,2.0,,,,9/10/19,5/10/22,1/1/23,,,,ISSUED,,,40.888713,-73.915597
182,3059029,,CARLTON,AVENUE,,,11205,,1.0,,,,2/3/21,5/10/22,12/20/22,,,,ISSUED,,,40.688624,-73.971957
183,1030866,,WEST,77TH STREET,,,10024,,2.0,,,,8/15/12,5/10/22,5/1/23,,,,ISSUED,,,40.782656,-73.98127
184,1021907,,EAST,35 STREET,,,10016,,2.0,,,,1/23/14,5/10/22,6/17/22,,,,ISSUED,,,40.744967,-73.974276
185,1080501,,5TH,AVENUE,,,10029,,2.0,,,,8/27/19,5/10/22,5/1/23,,,,ISSUED,,,40.798815,-73.947799
186,1080501,,5TH,AVENUE,,,10029,,2.0,,,,8/27/19,5/10/22,5/1/23,,,,ISSUED,,,40.798815,-73.947799
187,1030866,,WEST,77TH STREET,,,10024,,2.0,,,,5/17/16,5/10/22,5/1/23,,,,ISSUED,,,40.782656,-73.98127
188,1044819,,EAST,69 STREET,,,10021,,2.0,,,,2/16/21,5/10/22,12/18/22,,,,ISSUED,,,40.766377,-73.958589
189,5021892,,RICHMOND,ROAD,,,10304,,1.0,,,,6/9/21,5/10/22,9/8/22,,,,ISSUED,,,40.600903,-74.0927
190,1030866,,WEST,77TH STREET,,,10024,,2.0,,,,5/17/16,5/10/22,5/1/23,,,,ISSUED,,,40.782656,-73.98127
191,5174868,,RICHMOND,ROAD,,,10304,,1.0,,,,6/11/21,5/10/22,9/8/22,,,,ISSUED,,,40.600845,-74.092653
192,3425881,,86TH,STREET,,,11228,,2.0,,,,10/3/17,5/10/22,5/10/23,,,,ISSUED,,,40.615862,-74.016886
193,1030866,,WEST,77TH STREET,,,10024,,2.0,,,,2/29/12,5/10/22,5/1/23,,,,ISSUED,,,40.782656,-73.98127
194,5174869,,RICHMOND,ROAD,,,10304,,1.0,,,,6/9/21,5/10/22,9/8/22,,,,ISSUED,,,40.600788,-74.092609
195,1030866,,WEST,77 STREET,,,10024,,2.0,,,,4/25/02,5/10/22,5/1/23,,,,ISSUED,,,40.782656,-73.98127
196,5174870,,RICHMOND,ROAD,,,10304,,1.0,,,,6/9/21,5/10/22,9/8/22,,,,ISSUED,,,40.60073,-74.092566
197,5174871,,RICHMOND,ROAD,,,10304,,1.0,,,,6/9/21,5/10/22,9/8/22,,,,ISSUED,,,40.600672,-74.092523
198,1030866,,WEST,77TH STREET,,,10024,,2.0,,,,3/17/16,5/10/22,5/1/23,,,,ISSUED,,,40.782656,-73.98127
199,3029511,,ST,JOHNS PLACE,,,11238,,2.0,,,,5/2/19,5/10/22,5/10/23,,,,ISSUED,,,40.672871,-73.959476
200,5174872,,RICHMOND,ROAD,,,10304,,1.0,,,,6/9/21,5/10/22,9/8/22,,,,ISSUED,,,40.600615,-74.092479
201,1087235,,GANSEVOORT,STREET,FLUSHING,,10014,,2.0,,,,6/17/20,6/17/20,6/1/21,,,,ISSUED,,,40.739389,-74.007809
202,1030866,,WEST,77 STREET,,,10024,,2.0,,,,8/8/18,5/10/22,5/1/23,,,,ISSUED,,,40.782656,-73.98127
203,4617267,,31ST,STREET,,,11102,,2.0,,,,7/23/21,8/8/22,8/8/23,,,,ISSUED,,,40.765507,-73.922504
204,5174873,,RICHMOND,ROAD,,,10304,,1.0,,,,6/9/21,5/10/22,9/8/22,,,,ISSUED,,,40.600557,-74.09244
205,1030866,,WEST,77TH STREET,,,10024,,2.0,,,,3/23/18,5/10/22,5/1/23,,,,ISSUED,,,40.782656,-73.98127
206,3325516,,STOCKHOLM,STREET,,,11221,,2.0,,,,3/8/22,5/10/22,8/29/22,,,,ISSUED,,,40.696583,-73.92566
207,5174874,,RICHMOND,ROAD,,,10304,,1.0,,,,6/9/21,5/10/22,9/8/22,,,,ISSUED,,,40.600497,-74.092396
208,3079126,,ELDERT,STREET,,,11237,,2.0,,,,3/8/22,5/10/22,8/29/22,,,,ISSUED,,,40.693401,-73.906494
209,3175027,,OCEAN,PARKWAY,,,11230,,1.0,,,,3/24/21,5/10/22,8/29/22,,,,ISSUED,,,40.611177,-73.968007
210,5174874,,RICHMOND,ROAD,,,10304,,1.0,,,,6/9/21,5/10/22,9/8/22,,,,ISSUED,,,40.600497,-74.092396
211,3338695,,BEDFORD,AVENUE,,,11216,,2.0,,,,1/25/18,5/10/22,5/10/23,,,,ISSUED,,,40.684202,-73.954068
212,3131254,,21,AVE,,,11204,,1.0,,,,10/29/21,5/10/22,5/17/23,,,,ISSUED,,,40.619652,-73.979032
213,1030866,,WEST,77TH STREET,,,10024,,2.0,,,,3/23/18,5/10/22,5/1/23,,,,ISSUED,,,40.782656,-73.98127
214,5174875,,RICHMOND,ROAD,,,10304,,1.0,,,,6/9/21,5/10/22,9/8/22,,,,ISSUED,,,40.600439,-74.092357
215,5174876,,RICHMOND,ROAD,,,10304,,1.0,,,,6/11/21,5/10/22,9/8/22,,,,ISSUED,,,40.600379,-74.092317
216,1034220,,WEST,44TH STREET,,,10036,,2.0,,,,9/27/21,5/10/22,5/1/23,,,,ISSUED,,,40.755458,-73.981523
217,3323290,,WYCKOFF,STREET,,,11201,,2.0,,,,12/23/19,6/7/22,12/22/22,,,,ISSUED,,,40.68683,-73.992814
218,5174885,,MEADOW,AVENUE,,,10304,,1.0,,,,5/4/21,5/10/22,9/8/22,,,,ISSUED,,,40.601585,-74.093892
219,5174884,,MEADOW,AVENUE,,,10304,,1.0,,,,5/3/21,5/10/22,9/8/22,,,,ISSUED,,,40.601528,-74.093907
220,5174883,,MEADOW,AVENUE,,,10304,,1.0,,,,7/20/21,5/10/22,9/8/22,,,,ISSUED,,,40.60147,-74.093921
221,5174882,,MEADOW,AVENUE,,,10304,,1.0,,,,7/13/21,5/10/22,9/8/22,,,,ISSUED,,,40.60141,-74.093935
222,1034220,,WEST,44TH STREET,,,10036,,2.0,,,,9/27/21,5/10/22,5/1/23,,,,ISSUED,,,40.755458,-73.981523
223,5174881,,MEADOW,AVENUE,,,10304,,1.0,,,,7/13/21,5/10/22,9/8/22,,,,ISSUED,,,40.601352,-74.09395
224,5174880,,MEADOW,AVENUE,,,10304,,1.0,,,,6/11/21,5/10/22,9/8/22,,,,ISSUED,,,40.600979,-74.093816
225,5174878,,MEADOW,AVENUE,,,10304,,1.0,,,,5/3/21,5/10/22,9/8/22,,,,ISSUED,,,40.600674,-74.093599
226,1034220,,WEST,44TH STREET,,,10036,,2.0,,,,1/5/17,5/10/22,5/1/23,,,,ISSUED,,,40.755458,-73.981523
227,5174879,,MEADOW,AVENUE,,,10304,,1.0,,,,6/9/21,5/10/22,9/8/22,,,,ISSUED,,,40.600828,-74.093708
228,1016886,,EAST,27TH STREET,,,10016,,2.0,,,,3/11/16,5/10/22,5/1/23,,,,ISSUED,,,40.743843,-73.987196
229,4623372,,69,AVE,,,11004,,1.0,,,,9/17/21,5/10/22,3/2/23,,,,ISSUED,,,40.75462,-73.721151
230,3117299,,BEDFORD,AVENUE,,,11226,,2.0,,,,3/29/18,8/8/22,5/1/23,,,,ISSUED,,,40.649353,-73.955772
231,4045370,,54,AVENUE,,,11373,,2.0,,,,5/22/19,5/10/22,12/23/22,,,,ISSUED,,,40.737065,-73.874916
232,4045371,,54,AVENUE,,,11373,,2.0,,,,5/22/19,5/10/22,12/23/22,,,,ISSUED,,,40.737065,-73.874909
233,4619909,,104,ST,,,11368,,1.0,,,,2/13/20,5/10/22,12/23/22,,,,ISSUED,,,40.751862,-73.86274
234,4044313,,104,ST,,,11368,,1.0,,,,2/13/20,5/10/22,12/23/22,,,,ISSUED,,,40.75184,-73.862725
235,4617843,,51,AVENUE,,,11368,,1.0,,,,9/26/19,5/10/22,12/23/22,,,,ISSUED,,,40.744355,-73.853906
236,4049643,,51,AVENUE,,,11368,,1.0,,,,9/24/19,5/10/22,12/23/22,,,,ISSUED,,,40.744366,-73.853863
237,3031138,,PARK,PLACE,,,11216,,1.0,,,,6/12/19,5/10/22,5/7/23,,,,ISSUED,,,40.673805,-73.954829
238,4609438,,44,AVENUE,,,11368,,1.0,,,,8/15/18,5/10/22,12/23/22,,,,ISSUED,,,40.749109,-73.853957
239,1000800,,GREENWICH,STREET,,,10006,,2.0,,,,11/26/13,5/10/22,9/4/22,,,,ISSUED,,,40.70778,-74.013659
240,3321995,,CARLTON,AVENUE,,,11205,,1.0,,,,6/13/19,5/10/22,5/7/23,,,,ISSUED,,,40.695267,-73.973325
241,4609444,,44,AVENUE,,,11368,,1.0,,,,8/15/18,5/10/22,12/23/22,,,,ISSUED,,,40.749109,-73.853954
242,4609441,,44,AVENUE,,,11368,,1.0,,,,8/15/18,5/10/22,12/23/22,,,,ISSUED,,,40.749109,-73.853954
243,3117299,,BEDFORD,AVENUE,,,11226,,2.0,,,,7/14/21,8/8/22,8/8/23,,,,ISSUED,,,40.649353,-73.955772
244,4107053,,23,AVE,,,11357,,1.0,,,,9/27/21,5/10/22,1/5/23,,,,ISSUED,,,40.777589,-73.810534
245,4624330,,NORTHERN,BOULEVARD,,,11101,,2.0,,,,2/22/07,2/22/07,12/31/07,,,,ISSUED,,,40.748943,-73.937295
246,4207486,,HILLSIDE,AVENUE,,,11432,,2.0,,,,3/3/99,3/3/99,3/15/99,,,,ISSUED,,,40.706731,-73.806271
247,4207486,,HILLSIDE,AVENUE,,,11432,,2.0,,,,3/3/99,3/3/99,3/15/99,,,,ISSUED,,,40.706731,-73.806271
248,4041626,,BUELL,STREET,,,11369,,1.0,,,,11/8/18,,2/16/23,,,,IN PROCESS,,,40.761817,-73.862145
249,3055424,,SKILLMAN,STREET,,,11205,,2.0,,,,12/11/13,2/26/14,2/26/15,,,,ISSUED,,,40.690305,-73.956249
250,4207486,,HILLSIDE,AVENUE,,,11432,,2.0,,,,11/28/05,11/28/05,4/1/06,,,,ISSUED,,,40.706731,-73.806271
251,4207486,,HILLSIDE,AVENUE,,,11432,,2.0,,,,11/28/05,11/28/05,4/1/06,,,,ISSUED,,,40.706731,-73.806271
252,4624330,,NORTHERN,BOULEVARD,,,11101,,2.0,,,,3/30/07,12/27/07,11/10/08,,,,ISSUED,,,40.748943,-73.937295
253,4624330,,NORTHERN,BOULEVARD,,,11101,,2.0,,,,2/22/07,1/10/08,4/1/08,,,,ISSUED,,,40.748943,-73.937295
254,4624330,,NORTHERN,BOULEVARD,,,11101,,2.0,,,,2/22/07,3/21/08,3/21/09,,,,ISSUED,,,40.748943,-73.937295
255,4624330,,QUEENS,BOULEVARD,,,11101,,2.0,,,,4/22/08,4/22/08,5/1/08,,,,ISSUED,,,40.748754,-73.937209
256,4624330,,QUEENS,BOULEVARD,,,11101,,2.0,,,,4/22/08,5/2/08,5/1/10,,,,ISSUED,,,40.748754,-73.937209
257,4624330,,QUEENS,BOULEVARD,,,11101,,2.0,,,,6/30/08,6/30/08,11/10/08,,,,ISSUED,,,40.748806,-73.937263
258,4624330,,QUEENS,BOULEVARD,,,11101,,2.0,,,,6/30/08,6/30/08,11/10/08,,,,ISSUED,,,40.748806,-73.937263
259,4624330,,QUEENS,BOULEVARD,,,11101,,2.0,,,,10/17/07,6/30/08,3/6/09,,,,ISSUED,,,40.748806,-73.937263
260,4624330,,QUEENS,BOULEVARD,,,11101,,2.0,,,,6/30/08,12/3/08,11/10/09,,,,ISSUED,,,40.748806,-73.937263
261,4624330,,QUEENS,BOULEVARD,,,11101,,2.0,,,,6/30/08,12/3/08,11/10/09,,,,ISSUED,,,40.748806,-73.937263
262,3426644,,10TH,AVENUE,,,11219,,2.0,,,,10/5/17,8/8/22,8/5/23,,,,ISSUED,,,40.643885,-73.993658
263,4624330,,QUEENS,BOULEVARD,,,11101,,2.0,,,,4/22/08,4/23/10,4/23/11,,,,ISSUED,,,40.748754,-73.937209
264,3055424,,SKILLMAN,STREET,,,11205,,2.0,,,,12/11/13,12/11/13,3/1/14,,,,ISSUED,,,40.690305,-73.956249
265,3055424,,SKILLMAN,STREET,,,11205,,2.0,,,,5/6/14,5/6/14,5/6/15,,,,ISSUED,,,40.690305,-73.956249
266,4207484,,HILLSIDE,AVENUE,,,11432,,2.0,,,,1/14/11,1/14/11,1/14/12,,,,ISSUED,,,40.706739,-73.806245
267,4207484,,HILLSIDE,AVENUE,,,11432,,2.0,,,,1/14/11,1/14/11,1/14/12,,,,ISSUED,,,40.706739,-73.806245
268,4207484,,HILLSIDE,AVENUE,,,11432,,2.0,,,,2/3/11,2/3/11,2/3/12,,,,ISSUED,,,40.706739,-73.806245
269,4207486,,HILLSIDE,AVENUE,,,11432,,2.0,,,,9/19/13,9/19/13,6/28/14,,,,ISSUED,,,40.706731,-73.806271
270,4624330,,QUEENS,BOULEVARD,,,11101,,2.0,,,,10/17/07,10/17/07,3/6/08,,,,ISSUED,,,40.748806,-73.937263
271,3055424,,SKILLMAN,STREET,,,11205,,2.0,,,,12/11/13,3/4/16,3/4/17,,,,ISSUED,,,40.690305,-73.956249
272,4624330,,QUEENS,BOULEVARD,,,11101,,2.0,,,,6/30/08,,11/10/09,,,,IN PROCESS,,,40.748806,-73.937263
273,4624330,,NORTHERN,BLVD,,,11101,,2.0,,,,7/5/16,7/5/16,10/7/16,,,,ISSUED,,,40.74908,-73.936913
274,4624330,,NORTHERN,BLVD,,,11101,,2.0,,,,7/5/16,11/4/16,10/7/17,,,,ISSUED,,,40.74908,-73.936913
275,4624330,,QUEENS,BLVD,,,11101,,2.0,,,,3/28/17,3/28/17,9/29/17,,,,ISSUED,,,40.748806,-73.937263
276,4624330,,NORTHERN,BOULEVARD,,,11101,,2.0,,,,4/6/17,4/6/17,4/6/18,,,,ISSUED,,,40.749105,-73.936848
277,4207486,,HILLSIDE,AVENUE,,,11432,,2.0,,,,3/8/90,3/8/90,4/18/90,,,,ISSUED,,,40.706731,-73.806271
278,3150714,,79TH,STREET,,,11209,,1.0,,,,3/12/18,5/10/22,3/9/23,,,,ISSUED,,,40.630504,-74.036376
279,2084188,,WEST,236TH STREET,,,10463,,2.0,,,,5/10/22,5/10/22,4/25/23,,,,ISSUED,,,40.886547,-73.908989
280,3426644,,10TH,AVENUE,,,11219,,2.0,,,,9/12/17,8/8/22,8/5/23,,,,ISSUED,,,40.643885,-73.993658
281,2092394,,FORD,STREET,,,10457,,2.0,,,,3/28/21,5/10/22,4/8/23,,,,ISSUED,,,40.855664,-73.896173
282,3139240,,55TH,STREET,,,11219,,2.0,,,,10/13/21,5/10/22,3/3/23,,,,ISSUED,,,40.636499,-74.003596
283,3426644,,10TH,AVENUE,,,11219,,2.0,,,,9/12/17,8/8/22,8/5/23,,,,ISSUED,,,40.643885,-73.993658
284,2049432,,BARNES,AVE,,,10462,,2.0,,,,5/10/22,5/10/22,5/10/23,,,,ISSUED,,,40.855504,-73.863827
285,3124325,,EAST,7 STREET,,,11218,,1.0,,,,5/10/22,5/10/22,12/18/22,,,,ISSUED,,,40.647173,-73.973431
286,3148676,,BAY,RIDGE PARKWAY,,,11209,,2.0,,,,4/8/19,5/10/22,4/15/23,,,,ISSUED,,,40.631662,-74.028656
287,1035053,,5TH,AVENUE,,,10019,,2.0,,,,11/8/19,5/10/22,5/10/23,,,,ISSUED,,,40.762635,-73.974222
288,1035053,,5TH,AVENUE,,,10019,,2.0,,,,1/5/22,5/10/22,5/10/23,,,,ISSUED,,,40.762635,-73.974222
289,4229784,,91,ROAD,,,11428,,1.0,,,,4/18/12,7/19/22,2/10/23,,,,ISSUED,,,40.726961,-73.7376
290,2002889,,GRAND,CONCOURSE,,,10452,,2.0,,,,9/2/21,5/10/22,4/26/23,,,,ISSUED,,,40.831448,-73.920162
291,1015405,,WEST,17TH STREET,,,10011,,2.0,,,,10/2/18,5/10/22,4/26/23,,,,ISSUED,,,40.738585,-73.99384
292,2010494,,SOUTHERN,BLVD,,,10459,,2.0,,,,6/22/18,5/10/22,5/10/23,,,,ISSUED,,,40.831084,-73.891496
293,2010494,,SOUTHERN,BLVD,,,10459,,2.0,,,,3/26/20,5/10/22,5/10/23,,,,ISSUED,,,40.831084,-73.891496
294,2010494,,SOUTHERN,BOULEVARD,,,10459,,2.0,,,,3/7/19,5/10/22,5/10/23,,,,ISSUED,,,40.831084,-73.891496
295,4247814,,ROCKAWAY,BLVD,,,11417,,1.0,,,,3/19/18,5/10/22,11/14/22,,,,ISSUED,,,40.678532,-73.832801
296,2010494,,SOUTHERN,BLVD,,,10459,,2.0,,,,3/26/20,5/10/22,5/10/23,,,,ISSUED,,,40.831084,-73.891496
297,4624330,,NORTHERN,BOULEVARD,,,11101,,2.0,,,,3/30/07,3/30/07,12/31/07,,,,ISSUED,,,40.748943,-73.937295
298,4624330,,NORTHERN,BOULEVARD,,,11101,,2.0,,,,3/30/07,3/30/07,3/6/08,,,,ISSUED,,,40.748943,-73.937295
299,4207484,,HILLSIDE,AVENUE,,,11432,,2.0,,,,4/22/93,4/22/93,12/31/93,,,,ISSUED,,,40.706739,-73.806245
300,4207484,,HILLSIDE,AVENUE,,,11432,,2.0,,,,4/22/93,4/22/93,12/31/93,,,,ISSUED,,,40.706739,-73.806245
301,4207486,,HILLSIDE,AVENUE,,,11432,,2.0,,,,11/4/94,11/4/94,1/24/95,,,,ISSUED,,,40.706731,-73.806271
302,4624330,,QUEENS,PLAZA EAST,,,11101,,,,,,5/8/02,5/8/02,6/30/02,,,,ISSUED,,,40.749105,-73.936848
303,4207486,,HILLSIDE,AVENUE,,,11432,,2.0,,,,10/10/90,10/10/90,1/3/91,,,,ISSUED,,,40.706731,-73.806271
304,1813272,,EAST,9 STREET,,,10009,,2.0,,,,5/11/22,5/11/22,5/11/23,,,,ISSUED,,,40.725754,-73.979064
305,3428882,,58,STREET,,,11220,,2.0,,,,11/23/20,8/8/22,8/5/23,,,,ISSUED,,,40.636276,-74.007801
306,3428882,,58,STREET,,,11220,,2.0,,,,11/23/20,8/8/22,8/5/23,,,,ISSUED,,,40.636276,-74.007801
307,3428882,,58,STREET,,,11220,,2.0,,,,11/23/20,8/8/22,8/5/23,,,,ISSUED,,,40.636276,-74.007801
308,4618508,,PRINCE,STREET,,,11354,,2.0,,,,12/7/17,5/11/22,5/11/23,,,,ISSUED,,,40.763727,-73.833345
309,1056547,,BROADWAY,,,,10025,,2.0,,,,5/11/22,5/11/22,5/11/23,,,,ISSUED,,,40.798817,-73.96874
310,1007544,,CROSBY,STREET,,,10012,,2.0,,,,6/19/09,5/11/22,5/16/23,,,,ISSUED,,,40.72358,-73.997193
311,1001417,,BARCLAY,STREET,,,10007,,2.0,,,,5/11/22,5/11/22,1/1/23,,,,ISSUED,,,40.714181,-74.012845
312,1077438,,PARK,ROW,,,10007,,2.0,,,,10/17/19,8/8/22,8/5/23,,,,ISSUED,,,40.713193,-73.999917
313,1079899,,MERCER,STREET,,,10013,,2.0,,,,5/2/07,5/11/22,5/16/23,,,,ISSUED,,,40.721573,-74.001187
314,1079899,,MERCER,STREET,,,10013,,2.0,,,,5/2/07,5/11/22,5/16/23,,,,ISSUED,,,40.721573,-74.001187
315,3392910,,EVERGREEN,AVENUE,,,11221,,1.0,,,,8/26/04,5/11/22,5/11/23,,,,ISSUED,,,40.696428,-73.927803
316,5102230,,MILTON,AVE,,,10306,,1.0,,,,5/11/22,5/11/22,4/27/23,,,,ISSUED,,,40.563623,-74.104935
317,4226714,,216TH,ST,,,11428,,1.0,,,,5/11/22,5/11/22,10/1/22,,,,ISSUED,,,40.720299,-73.74083
318,5017570,,OCEAN,TERRACE,,,10314,,1.0,,,,5/11/22,5/11/22,4/27/23,,,,ISSUED,,,40.601822,-74.119839
319,1037163,,PARK,AVE,,,10022,,2.0,,,,4/27/21,5/11/22,12/1/22,,,,ISSUED,,,40.76251,-73.970085
320,5037886,,EVANS,ST,,,10314,,1.0,,,,5/11/22,5/11/22,4/27/23,,,,ISSUED,,,40.588156,-74.149507
321,5051612,,BEDFORD,AVE,,,10306,,1.0,,,,5/11/22,5/11/22,4/27/23,,,,ISSUED,,,40.580695,-74.105552
322,1031984,,WEST,81ST STREET,,,10024,,2.0,,,,4/19/21,5/11/22,12/5/22,,,,ISSUED,,,40.783558,-73.97529
323,1033765,,WEST,80TH STREET,,,10024,,2.0,,,,10/9/21,5/11/22,12/1/22,,,,ISSUED,,,40.785126,-73.980883
324,5170986,,ST.,GEORGE ROAD,,,10306,,1.0,,,,8/13/20,5/11/22,10/30/22,,,,ISSUED,,,40.574548,-74.140639
325,1042526,,EAST,70TH STREET,,,10021,,1.0,,,,8/31/20,5/11/22,5/11/23,,,,ISSUED,,,40.768837,-73.962537
326,4594818,,SKILLMAN,AVENUE,,,11377,,2.0,,,,1/14/16,6/23/20,6/23/21,,,,ISSUED,,,40.745524,-73.909755
327,1081974,,OLIVER,STREET,,,10038,,2.0,,,,8/1/16,5/11/22,5/11/23,,,,ISSUED,,,40.712982,-73.99807
328,5077069,,EVAN,PLACE,,,10312,,1.0,,,,5/12/22,5/11/22,10/1/22,,,,ISSUED,,,40.553503,-74.183684
329,5059496,,TYSENS,LANE,,,10306,,1.0,,,,5/25/22,5/11/22,11/15/22,,,,ISSUED,,,40.570547,-74.12772
330,1085556,,EAST,4 STREET,,,10003,,2.0,,,,7/11/17,5/11/22,4/1/23,,,,ISSUED,,,40.725967,-73.988924
331,5013046,,BRYSON,AVENUE,,,10314,,1.0,,,,5/11/22,5/11/22,10/1/22,,,,ISSUED,,,40.612429,-74.144768
332,5012290,,WATCHOGUE,ROAD,,,10314,,1.0,,,,5/11/22,5/11/22,10/1/22,,,,ISSUED,,,40.61479,-74.133535
333,5039366,,COPLEY,STREET,,,10314,,1.0,,,,8/15/22,8/8/22,10/1/22,,,,ISSUED,,,40.587396,-74.155918
334,3149311,,76,STREET,,,11209,,1.0,,,,5/11/22,5/11/22,10/16/22,,,,ISSUED,,,40.628136,-74.022037
335,3320760,,AVENUE,T,,,11229,,1.0,,,,2/6/19,5/11/22,5/11/23,,,,ISSUED,,,40.601321,-73.954788
336,5007111,,BARD,AVENUE,,,10301,,1.0,,,,5/14/22,5/11/22,10/1/22,,,,ISSUED,,,40.62256,-74.105143
337,3201844,,EAST,15 STREET,,,11229,,1.0,,,,5/11/22,5/11/22,1/22/23,,,,ISSUED,,,40.592952,-73.955301
338,4618858,,166,ST,,,11358,,1.0,,,,5/28/21,5/11/22,4/29/23,,,,ISSUED,,,40.758079,-73.800534
339,3080312,,PILLING,STREET,,,11207,,1.0,,,,5/11/22,5/11/22,10/21/22,,,,ISSUED,,,40.683094,-73.908419
340,4623952,,166,ST,,,11358,,1.0,,,,2/3/21,5/11/22,4/29/23,,,,ISSUED,,,40.758079,-73.800534
341,3210304,,EAST,29 STREET,,,11210,,1.0,,,,5/11/22,5/11/22,8/31/22,,,,ISSUED,,,40.617871,-73.9462
342,3114999,,MAPLE,STREET,,,11225,,2.0,,,,11/4/20,5/11/22,5/11/23,,,,ISSUED,,,40.660709,-73.95243
343,3028821,,UNDERHILL,AVENUE,,,11238,,1.0,,,,5/11/22,5/11/22,5/11/23,,,,ISSUED,,,40.676645,-73.966136
344,3074613,,STANHOPE,ST,,,11237,,2.0,,,,10/24/13,5/11/22,5/11/23,,,,ISSUED,,,40.705121,-73.916014
345,3324164,,46TH,STREET,,,11204,,2.0,,,,6/22/22,,,,,,IN PROCESS,,,40.631768,-73.98221
346,3062766,,BERRY,STREET,,,11249,,2.0,,,,5/11/22,5/11/22,2/21/23,,,,ISSUED,,,40.715013,-73.962849
347,3426347,,FRANKLIN,AVE,,,11238,,2.0,,,,5/11/22,5/11/22,5/11/23,,,,ISSUED,,,40.674915,-73.956422
348,4050124,,ROOSEVELT,AVENUE,,,11368,,2.0,,,,8/8/22,8/8/22,8/1/23,,,,ISSUED,,,40.751876,-73.849331
349,4623085,,97TH,PLACE,,,11374,,2.0,,,,5/12/21,5/11/22,5/11/23,,,,ISSUED,,,40.734272,-73.861556
350,3000844,,ATLANTIC,AVENUE,,,11201,,2.0,,,,8/30/19,5/11/22,4/1/23,,,,ISSUED,,,40.688089,-73.987838
351,3007874,,2ND,STREET,,,11231,,1.0,,,,8/3/12,5/11/22,8/13/22,,,,ISSUED,,,40.678217,-73.992771
352,4008530,,32,ST,,,11102,,2.0,,,,4/6/21,5/11/22,5/11/23,,,,ISSUED,,,40.764785,-73.921989
353,1091595,,WEST,125 STREET,,,10027,,2.0,,,,8/26/20,5/11/22,10/6/22,,,,ISSUED,,,40.812869,-73.955807
354,5174573,,RICHMOND,TERRACE,BROOKLYN,,10301,,2.0,,,,10/22/19,6/17/20,7/1/21,,,,ISSUED,,,40.645602,-74.092344
355,4007606,,31,AVENUE,,,11106,,2.0,,,,3/5/21,5/11/22,10/11/22,,,,ISSUED,,,40.76466,-73.924094
356,5059877,,WOLVERINE,STREET,,,10306,,1.0,,,,5/11/22,5/11/22,5/11/23,,,,ISSUED,,,40.567069,-74.128624
357,3103021,,E,55 ST,,,11203,,2.0,,,,4/29/19,5/11/22,5/11/23,,,,ISSUED,,,40.651516,-73.92552
358,3069934,,BEADEL,STREET,,,11222,,2.0,,,,12/8/20,5/11/22,4/1/23,,,,ISSUED,,,40.721633,-73.937898
359,4214971,,106,AVENUE,,,11435,,1.0,,,,7/3/18,6/23/20,6/23/21,,,,ISSUED,,,40.693962,-73.804238
360,3165106,,85TH,STREET,,,11214,,1.0,,,,7/13/21,5/11/22,9/25/22,,,,ISSUED,,,40.609828,-74.005255
361,3147817,,3RD,AVENUE,,,11209,,2.0,,,,3/13/20,5/11/22,4/26/23,,,,ISSUED,,,40.632727,-74.027288
362,3005861,,BERGEN,ST,,,11217,,1.0,,,,4/1/19,6/8/22,4/8/23,,,,ISSUED,,,40.685254,-73.986731
363,3213771,,EAST,55 STREET,,,11234,,1.0,,,,4/4/16,7/13/22,3/22/23,,,,ISSUED,,,40.634813,-73.923744
364,4618205,,QUEENS,BOULEVARD,,,11101,,2.0,,,,1/5/16,5/11/22,5/11/23,,,,ISSUED,,,40.74476,-73.932352
365,3179486,,CONEY,ISLAND AVENUE,,,11230,,2.0,,,,8/28/13,5/11/22,5/11/23,,,,ISSUED,,,40.625375,-73.965276
366,3016061,,58TH,STREET,,,11220,,2.0,,,,1/21/20,5/11/22,4/26/23,,,,ISSUED,,,40.639965,-74.013901
367,3016064,,58TH,STREET,,,11220,,2.0,,,,8/27/19,5/11/22,4/26/23,,,,ISSUED,,,40.639907,-74.013807
368,4177036,,JAMAICA,AVENUE,,,11426,,2.0,,,,1/31/05,5/11/22,5/11/23,,,,ISSUED,,,40.726149,-73.717936
369,2096590,,SHAKESPEARE,AVENUE,,,10452,,2.0,,,,6/22/21,5/11/22,10/31/22,,,,ISSUED,,,40.845717,-73.919234
370,1016070,,5TH,AVE,,,10003,,2.0,,,,10/14/21,5/11/22,4/1/23,,,,ISSUED,,,40.736963,-73.992909
371,5047717,,MCCLEAN,AVENUE,,,10305,,1.0,,,,5/14/22,5/11/22,10/1/22,,,,ISSUED,,,40.594318,-74.077794
372,5055640,,ISABELLA,AVENUE,,,10306,,1.0,,,,5/14/22,5/11/22,10/1/22,,,,ISSUED,,,40.559287,-74.115836
373,4083511,,FOREST,AVENUE,,,11385,,2.0,,,,11/7/18,5/11/22,5/11/23,,,,ISSUED,,,40.706041,-73.902584
374,5066703,,LINDENWOOD,ROAD,,,10308,,1.0,,,,5/11/22,5/11/22,10/21/22,,,,ISSUED,,,40.546782,-74.151091
375,1087849,,2ND,AVENUE,,,10035,,2.0,,,,5/10/21,5/11/22,5/11/23,,,,ISSUED,,,40.804876,-73.933428
376,2010402,,CHISHOLM,ST,BROOKLYN,,10459,,1.0,,,,6/17/20,6/17/20,2/21/21,,,,ISSUED,,,40.830992,-73.895698
377,1813272,,EAST,9 STREET,,,10009,,2.0,,,,5/11/22,5/11/22,5/11/23,,,,ISSUED,,,40.725754,-73.979064
378,5130565,,MARYLAND,AVENUE,,,10305,,1.0,,,,5/20/22,5/11/22,10/1/22,,,,ISSUED,,,40.612036,-74.068213
379,5106181,,LYMAN,AVENUE,,,10305,,1.0,,,,5/11/22,,,,,,IN PROCESS,,,40.606065,-74.065577
380,1813272,,EAST,9 STREET,,,10009,,2.0,,,,5/11/22,5/11/22,5/11/23,,,,RE-ISSUED,,,40.725754,-73.979064
381,3053221,,FULTON,STREET,,,11216,,2.0,,,,1/12/21,5/11/22,10/28/22,,,,ISSUED,,,40.680449,-73.950455
382,3001828,,LOVE,LANE,,,11201,,1.0,,,,7/20/21,5/11/22,6/26/22,,,,ISSUED,,,40.696014,-73.994248
383,4623424,,166,STREET,,,11358,,1.0,,,,1/25/21,5/11/22,4/29/23,,,,ISSUED,,,40.758084,-73.800534
384,2027095,,HAVEMEYER,AVE,,,10462,,1.0,,,,7/1/21,5/11/22,1/1/23,,,,ISSUED,,,40.833566,-73.848254
385,5128766,,BEACH,STREET,,,10304,,1.0,,,,5/20/22,5/11/22,10/1/22,,,,ISSUED,,,40.628394,-74.078727
386,3001828,,LOVE,LANE,,,11201,,1.0,,,,7/20/21,5/11/22,6/26/22,,,,ISSUED,,,40.696014,-73.994248
387,3001828,,LOVE,LANE,,,11201,,1.0,,,,7/20/21,5/11/22,6/26/22,,,,ISSUED,,,40.696014,-73.994248
388,3053221,,FULTON,STREET,,,11216,,2.0,,,,1/11/21,5/11/22,10/28/22,,,,ISSUED,,,40.680449,-73.950455
389,5024641,,HEBERTON,AVENUE,,,10302,,1.0,,,,5/11/22,5/11/22,10/1/22,,,,ISSUED,,,40.630877,-74.135808
390,1030866,,WEST,77TH STREET,,,10024,,2.0,,,,6/8/18,5/11/22,4/30/23,,,,ISSUED,,,40.782656,-73.98127
391,5148405,,PLATTSBURG,STREET,,,10304,,1.0,,,,5/11/22,5/11/22,10/1/22,,,,ISSUED,,,40.591958,-74.099093
392,1030866,,WEST,77TH STREET,,,10024,,2.0,,,,6/8/18,5/11/22,4/30/23,,,,ISSUED,,,40.782656,-73.98127
393,3110658,,BEVERLY,ROAD,,,11226,,2.0,,,,3/8/16,5/11/22,5/11/23,,,,ISSUED,,,40.645139,-73.948719
394,5027810,,UNION,AVENUE,,,10303,,1.0,,,,8/15/22,8/8/22,10/1/22,,,,ISSUED,,,40.63241,-74.158138
395,5032708,,ADA,DRIVE,,,10314,,1.0,,,,5/11/22,5/11/22,10/1/22,,,,ISSUED,,,40.620541,-74.15861
396,4618931,,WALTHAM,STREET,,,11435,,1.0,,,,11/24/20,5/11/22,5/11/23,,,,ISSUED,,,40.692689,-73.801317
397,5059782,,EAST,BROADWAY,,,10306,,1.0,,,,5/11/22,5/11/22,10/1/22,,,,ISSUED,,,40.568124,-74.127326
398,3139853,,56,STREET,,,11220,,2.0,,,,3/16/16,5/11/22,5/11/23,,,,ISSUED,,,40.637322,-74.006504
399,5034220,,BOONE,STREET,,,10314,,1.0,,,,8/12/22,8/8/22,10/21/22,,,,ISSUED,,,40.601532,-74.13833
400,2129251,,BOGART,AVENUE,,,10462,,1.0,,,,7/15/22,7/15/22,2/7/23,,,,ISSUED,,,40.853245,-73.861099
401,5085691,,HELENE,COURT,,,10309,,1.0,,,,6/28/22,,10/21/22,,,,IN PROCESS,,,40.536226,-74.215933
402,1090669,,WEST,39 STREET,,,10018,,2.0,,,,4/16/19,5/11/22,5/11/23,,,,ISSUED,,,40.752053,-73.983419
403,1090669,,WEST,39 STREET,,,10018,,2.0,,,,4/16/19,5/11/22,5/11/23,,,,ISSUED,,,40.752053,-73.983419
404,4199668,,95,AVENUE,,,11419,,1.0,,,,7/23/21,8/8/22,7/5/23,,,,ISSUED,,,40.692718,-73.825961
405,3063189,,KEAP,STREET,,,11211,,2.0,,,,5/11/22,5/11/22,7/16/22,,,,ISSUED,,,40.709674,-73.954217
406,3426136,,CONOVER,STREET,,,11231,,2.0,,,,8/7/18,5/10/23,5/9/24,,,,ISSUED,,,40.677714,-74.014691
407,4134578,,CORPORAL,KENNEDY STREET,,,11361,,2.0,,,,5/11/22,5/11/22,4/28/23,,,,ISSUED,,,40.771755,-73.780296
408,3424409,,WARWICK,STREET,,,11207,,1.0,,,,1/26/21,5/11/22,5/11/23,,,,ISSUED,,,40.673991,-73.886008
409,4618893,,165TH,STREET,,,11358,,1.0,,,,11/8/19,5/11/22,4/29/23,,,,ISSUED,,,40.759483,-73.80128
410,4152081,,167TH,STREET,,,11432,,1.0,,,,5/14/18,5/11/22,5/7/23,,,,ISSUED,,,40.722238,-73.80089
411,2003751,,EAST,133 STREET,,,10454,,1.0,,,,4/21/21,5/11/22,10/7/22,,,,ISSUED,,,40.801661,-73.915249
412,1040003,,EAST,57 STREET,,,10022,,2.0,,,,11/28/01,5/11/22,5/11/23,,,,ISSUED,,,40.75871,-73.96385
413,1083498,,BROADWAY,,,,10012,,2.0,,,,5/16/12,5/11/22,5/11/23,,,,ISSUED,,,40.722526,-73.999246
414,3388501,,ROSS,STREET,,,11249,,2.0,,,,5/1/17,5/11/22,5/11/23,,,,ISSUED,,,40.70371,-73.963504
415,1001014,,MAIDEN,LANE,,,10038,,2.0,,,,8/27/15,5/11/22,5/11/23,,,,ISSUED,,,40.706867,-74.00699
416,5042193,,MARYLAND,AVENUE,,,10305,,1.0,,,,10/28/19,5/11/22,4/21/23,,,,ISSUED,,,40.613677,-74.06498
417,5166155,,BAY,STREET,,,10301,,2.0,,,,6/20/17,5/19/22,5/19/23,,,,ISSUED,,,40.6415,-74.075734
418,4623972,,35,STREET,,,11103,,2.0,,,,5/20/21,5/23/22,5/23/23,,,,ISSUED,,,40.766727,-73.917091
419,4618903,,165TH,STREET,,,11358,,1.0,,,,12/5/19,5/11/22,4/29/23,,,,ISSUED,,,40.759447,-73.801284
420,4624480,,165,STREET,,,11358,,1.0,,,,11/8/21,5/11/22,4/29/23,,,,ISSUED,,,40.759428,-73.801288
421,4121819,,165TH,STREET,,,11358,,1.0,,,,11/8/19,5/11/22,4/29/23,,,,ISSUED,,,40.759502,-73.801276
422,2008254,,JEROME,AVENUE,,,10453,,2.0,,,,5/11/22,5/11/22,5/11/23,,,,ISSUED,,,40.851413,-73.909532
423,4618894,,165TH,STREET,,,11358,,1.0,,,,12/5/19,5/11/22,4/29/23,,,,ISSUED,,,40.759466,-73.80128
424,1035737,,5TH,AVE,,,10022,,2.0,,,,1/17/20,5/11/22,5/11/23,,,,ISSUED,,,40.76082,-73.975093
425,1064789,,POST,AVENUE,,,10034,,2.0,,,,11/8/12,5/11/22,5/11/23,,,,ISSUED,,,40.864919,-73.919059
426,1090479,,EAST,30 STREET,,,10016,,2.0,,,,6/19/19,5/11/22,5/11/23,,,,ISSUED,,,40.745496,-73.985366
427,1038645,,EAST,40 STREET,,,10016,,2.0,,,,6/4/20,5/11/22,5/11/23,,,,ISSUED,,,40.748493,-73.973011
428,4454367,,BEACH,137 STREET,,,11694,,1.0,,,,12/24/18,5/11/22,5/11/23,,,,ISSUED,,,40.572158,-73.8537
429,1085494,,BROADWAY,,,,10036,,2.0,,,,7/18/18,5/11/22,5/11/23,,,,ISSUED,,,40.759055,-73.98471
