<?xml version="1.0" encoding="UTF-8"?><metadata>
    <idinfo>
        <citation>
            <citeinfo>
                <origin/>
                <pubdate>20201021</pubdate>
                <title>Ownership Parcels</title>
                <onlink>https://maps.bouldercolorado.gov/arcgis/rest/services/plan/Parcels/MapServer/0</onlink>
            </citeinfo>
        </citation>
        <descript>
            <abstract>Official City of Boulder parcel data. Maintained using Boulder County, development review case and plat information. The area inside the city limits is official city linework. Surrounding areas are for reference.</abstract>
            <purpose>Parcels – Ownership parcels within the city limits and utility service areas with address – Source – Quarter Section maps digitized and then rectified to aerial photography.</purpose>
        </descript>
        <status>
            <progress>In work</progress>
            <update>Monthly</update>
        </status>
        <spdom>
            <bounding>
                <westbc>-105.33697389605152</westbc>
                <eastbc>-105.1500456683004</eastbc>
                <northbc>40.10165404341271</northbc>
                <southbc>39.94233875484117</southbc>
            </bounding>
        </spdom>
        <keywords>
            <theme>
                <themekt>None</themekt>
                <themekey>boulder</themekey>
                <themekey>colorado</themekey>
                <themekey>gis</themekey>
                <themekey>parcels</themekey>
                <themekey>open data</themekey>
            </theme>
        </keywords>
        <accconst>None</accconst>
        <useconst>Creative Commons CC Zero license (CC0 1.0)</useconst>
    </idinfo>
    <metainfo>
        <metd>20201021</metd>
        <metc>
            <cntinfo>
                <cntorgp>
                    <cntorg>City of Boulder</cntorg>
                </cntorgp>
                <cntaddr>
                    <addrtype>unknown</addrtype>
                    <city>Boulder</city>
                </cntaddr>
            </cntinfo>
        </metc>
        <metstdn>FGDC Content Standard for Digital Geospatial Metadata</metstdn>
        <metstdv>FGDC-STD-001-1998</metstdv>
        <mettc>local time</mettc>
    </metainfo>
</metadata>
